{
  "NMI": 0.6141001231477963,
  "ARI": 0.3234999224978371,
  "cell_type_ASW": 0.520249034408448,
  "isolated_label_F1": 0.09152542372881356,
  "isolated_label_ASW": 0.582258112104678,
  "cell_cycle_conservation": 0.7463125658732772,
  "hvg_conservation": 0.21088888888888888,
  "trajectory_conservation": NaN,
  "trajectory_conservation_note": "compute_trajectory=False",
  "batch_ASW": 0.8428531126563036,
  "pcr_comparison": 0.15710320812870932,
  "kBET": 0.2724885509102575,
  "graph_connectivity": 0.9627780589989628,
  "iLISI": 0.15909824559235236,
  "cLISI": 0.9925018228271445,
  "scanorama_backend": "scanorama",
  "scanorama_dimred": 50,
  "scanorama_knn": 30,
  "scanorama_alpha": 0.1,
  "scanorama_sigma": 20.0,
  "scanorama_approx": true,
  "scanorama_batch_size": 5000,
  "scanorama_scale_before_pca": false,
  "scanorama_use_hvg_subset": true
}