{
  "NMI": 0.6392847849907294,
  "ARI": 0.3313932274226041,
  "cell_type_ASW": 0.5459893383085728,
  "isolated_label_F1": 0.14457831325301204,
  "isolated_label_ASW": 0.585956446826458,
  "cell_cycle_conservation": 0.7378889076606607,
  "hvg_conservation": 1.0,
  "trajectory_conservation": NaN,
  "trajectory_conservation_note": "compute_trajectory=False",
  "batch_ASW": 0.861593275012293,
  "pcr_comparison": 0.5808179832919227,
  "kBET": 0.4213899640837905,
  "graph_connectivity": 0.9654810114346345,
  "iLISI": 0.19192961475275622,
  "cLISI": 0.9972019073383883,
  "scgen_backend": "scgen (theislab/scgen)",
  "scgen_device": "gpu",
  "scgen_input_layer": "X(lognorm)",
  "scgen_hvg_key": "highly_variable",
  "scgen_max_hvgs": 4000,
  "scgen_reference_batch": "global-per-label",
  "scgen_note": "Used deterministic latent + label-aware mean-shift correction (no model.batch_removal)."
}