{
  "ARI_leiden_seurat_fastmnn_seurat_hvg_seed0": 0.23356916031052447,
  "NMI_leiden_seurat_fastmnn_seurat_hvg_seed0": 0.5689238198661235,
  "n_rare_labels": 6,
  "rare_labels": [
    "Fibroblast",
    "Mesenchymal",
    "LSECs",
    "Kupffer cells",
    "Stellate Cells",
    "Erythroid"
  ],
  "rare_knn_purity_mean": 0.1806467173637516,
  "kBET": 0.31615062296962493,
  "iLISI_batch": 0.2534979612873137,
  "cLISI_label": 0.9867434651092877,
  "isolated_label_F1": NaN,
  "kBET_mode": "scib_subsample_50000",
  "lisi_mode": "scib",
  "calinski_harabasz": 26170.78625681631,
  "silhouette": 0.07993822544813156,
  "cell_type_ASW": 0.08209823071956635,
  "batch_ASW": -0.09366676956415176,
  "isolated_label_ASW": 0.1477288454771042,
  "graph_connectivity": 0.9282960299094332,
  "pc_regression_r2_mean": 0.0037355418741109037,
  "ARI_leiden_seurat_fastmnn_seurat_hvg_seed0_hb": 0.23356916031052447,
  "NMI_leiden_seurat_fastmnn_seurat_hvg_seed0_hb": 0.5689238198661235,
  "batch_ASW_hb": 0.5468333847820759,
  "cell_type_ASW_hb": 0.5410491153597832,
  "isolated_label_ASW_hb": 0.5738644227385521,
  "silhouette_hb": 0.5399691127240658,
  "pc_regression_r2_mean_hb": 0.996264458125889,
  "kBET_hb": 0.31615062296962493,
  "iLISI_batch_hb": 0.2534979612873137,
  "cLISI_label_hb": 0.9867434651092877,
  "rare_knn_purity_mean_hb": 0.1806467173637516,
  "graph_connectivity_hb": 0.9282960299094332,
  "calinski_harabasz_hb_note": "CH is unbounded; keep raw. If needed, normalize across methods using rank/percentile in the summary stage.",
  "seurat_r_script": "/data1/esraa/Thesis-Project/src/thesis_project/Integration/Integration_methods/R/run_seurat_integration.R",
  "seurat_mode": "rpca",
  "seurat_pca_csv": "/data1/esraa/Thesis-Project/Results/Integration/fastmnn_seurat_hvg_seed0/runs/seurat_fastmnn_seurat_hvg_seed0/seurat_fastmnn_seurat_hvg_seed0_seurat_pca.csv"
}