{
  "ARI_leiden_scvi_full_hvg_seed0": 0.1786456751797787,
  "NMI_leiden_scvi_full_hvg_seed0": 0.5480090863885846,
  "n_rare_labels": 6,
  "rare_labels": [
    "Fibroblast",
    "Mesenchymal",
    "LSECs",
    "Kupffer cells",
    "Stellate Cells",
    "Erythroid"
  ],
  "rare_knn_purity_mean": 0.43893068018588927,
  "kBET": 0.16873598084437047,
  "iLISI_batch": 0.04836944202049814,
  "cLISI_label": 0.9972602307414526,
  "isolated_label_F1": NaN,
  "kBET_mode": "scib_subsample_50000",
  "lisi_mode": "scib",
  "calinski_harabasz": 4571.187478649222,
  "silhouette": -0.06983648240566254,
  "cell_type_ASW": -0.19689567387104034,
  "batch_ASW": -0.22817201912403107,
  "isolated_label_ASW": 0.017034541815519333,
  "graph_connectivity": 0.9020602837763635,
  "pc_regression_r2_mean": 0.0037355418741109037,
  "ARI_leiden_scvi_full_hvg_seed0_hb": 0.1786456751797787,
  "NMI_leiden_scvi_full_hvg_seed0_hb": 0.5480090863885846,
  "batch_ASW_hb": 0.6140860095620155,
  "cell_type_ASW_hb": 0.40155216306447983,
  "isolated_label_ASW_hb": 0.5085172709077597,
  "silhouette_hb": 0.46508175879716873,
  "pc_regression_r2_mean_hb": 0.996264458125889,
  "kBET_hb": 0.16873598084437047,
  "iLISI_batch_hb": 0.04836944202049814,
  "cLISI_label_hb": 0.9972602307414526,
  "rare_knn_purity_mean_hb": 0.43893068018588927,
  "graph_connectivity_hb": 0.9020602837763635,
  "calinski_harabasz_hb_note": "CH is unbounded; keep raw. If needed, normalize across methods using rank/percentile in the summary stage."
}