{
  "NMI": 0.6131202205161984,
  "ARI": 0.31743332713875017,
  "cell_type_ASW": 0.5229273028671741,
  "isolated_label_F1": 0.2752808194846787,
  "isolated_label_ASW": 0.5572136385765459,
  "cell_cycle_conservation": 0.5895432495676312,
  "hvg_conservation": 1.0,
  "trajectory_conservation": NaN,
  "trajectory_conservation_note": "compute_trajectory=False",
  "batch_ASW": 0.7353179063790578,
  "pcr_comparison": 0.33790652166518,
  "kBET": 0.26622315445484124,
  "graph_connectivity": 0.9025854214231646,
  "iLISI": 0.20323063495952265,
  "cLISI": 0.9962287289724449
}