{
  "NMI": 0.5959522048962548,
  "ARI": 0.31421982565950246,
  "cell_type_ASW": 0.49439792847260833,
  "isolated_label_F1": 0.0919931856899489,
  "isolated_label_ASW": 0.6979435235261917,
  "cell_cycle_conservation": 0.504083708454792,
  "hvg_conservation": 1.0,
  "trajectory_conservation": NaN,
  "trajectory_conservation_error": "KeyError: \"'dpt_pseudotime' not found in trajectory_adata_pre/adata_pre.obs\"",
  "batch_ASW": 0.7893044195654506,
  "pcr_comparison": 0.6395662157484343,
  "kBET": 0.2636051768525295,
  "graph_connectivity": 0.9204228675192092,
  "iLISI": 0.15489054645760036,
  "cLISI": 0.9914639278996608
}