{
  "ARI_leiden_harmony_parallel6_hvg_seed0": 0.2581363892762856,
  "NMI_leiden_harmony_parallel6_hvg_seed0": 0.5747380206878698,
  "n_rare_labels": 6,
  "rare_labels": [
    "Fibroblast",
    "Mesenchymal",
    "LSECs",
    "Kupffer cells",
    "Stellate Cells",
    "Erythroid"
  ],
  "rare_knn_purity_mean": 0.3174751837769328,
  "kBET": 0.26921076572631275,
  "iLISI_batch": 0.10436694469894592,
  "cLISI_label": 0.9962370335912241,
  "isolated_label_F1": NaN,
  "kBET_mode": "scib_subsample_50000",
  "lisi_mode": "scib",
  "calinski_harabasz": 17914.976362503992,
  "silhouette": 0.013411820866167545,
  "cell_type_ASW": 0.01033739373087883,
  "batch_ASW": -0.09499157965183258,
  "isolated_label_ASW": 0.130540132522583,
  "graph_connectivity": 0.9661591070822522,
  "pc_regression_r2_mean": 0.14879554152489366,
  "ARI_leiden_harmony_parallel6_hvg_seed0_hb": 0.2581363892762856,
  "NMI_leiden_harmony_parallel6_hvg_seed0_hb": 0.5747380206878698,
  "batch_ASW_hb": 0.5474957898259163,
  "cell_type_ASW_hb": 0.5051686968654394,
  "isolated_label_ASW_hb": 0.5652700662612915,
  "silhouette_hb": 0.5067059104330838,
  "pc_regression_r2_mean_hb": 0.8512044584751064,
  "kBET_hb": 0.26921076572631275,
  "iLISI_batch_hb": 0.10436694469894592,
  "cLISI_label_hb": 0.9962370335912241,
  "rare_knn_purity_mean_hb": 0.3174751837769328,
  "graph_connectivity_hb": 0.9661591070822522,
  "calinski_harabasz_hb_note": "CH is unbounded; keep raw. If needed, normalize across methods using rank/percentile in the summary stage.",
  "harmony_theta": null,
  "harmony_max_iter_harmony": 20,
  "harmony_n_pcs": 50,
  "harmonypy_version": "0.2.0"
}