{
  "NMI": 0.6322745623349344,
  "ARI": 0.31953381496029065,
  "cell_type_ASW": 0.5449162609875202,
  "isolated_label_F1": 0.5111158424296326,
  "isolated_label_ASW": 0.5696772733437163,
  "cell_cycle_conservation": 0.7066420027559102,
  "hvg_conservation": 1.0,
  "trajectory_conservation": NaN,
  "trajectory_conservation_note": "compute_trajectory=False",
  "batch_ASW": 0.8017524165339135,
  "pcr_comparison": 0.5636913811714538,
  "kBET": 0.33300499642249093,
  "graph_connectivity": 0.9795566063223574,
  "iLISI": 0.15491090505258875,
  "cLISI": 0.9977281854028929,
  "scgen_backend": "scgen (theislab/scgen)",
  "scgen_device": "gpu",
  "scgen_input_layer": "X(lognorm)",
  "scgen_hvg_key": "highly_variable",
  "scgen_max_hvgs": 4000,
  "scgen_reference_batch": "global-per-label",
  "scgen_note": "Used deterministic latent + label-aware mean-shift correction (no model.batch_removal)."
}