{
  "ARI_leiden_scgen_parallel6_hvg_seed0": 0.32102245348005265,
  "NMI_leiden_scgen_parallel6_hvg_seed0": 0.6211279474520807,
  "n_rare_labels": 6,
  "rare_labels": [
    "Fibroblast",
    "Mesenchymal",
    "LSECs",
    "Kupffer cells",
    "Stellate Cells",
    "Erythroid"
  ],
  "rare_knn_purity_mean": 0.6837085678073511,
  "kBET": 0.33023770014020104,
  "iLISI_batch": 0.09181425325291151,
  "cLISI_label": 0.999344828528928,
  "isolated_label_F1": NaN,
  "kBET_mode": "scib_subsample_50000",
  "lisi_mode": "scib",
  "calinski_harabasz": 18747.859167184528,
  "silhouette": 0.1690763235092163,
  "cell_type_ASW": 0.17288312315940857,
  "batch_ASW": -0.0638761818408966,
  "isolated_label_ASW": 0.21483084559440613,
  "graph_connectivity": 0.984813822989077,
  "pc_regression_r2_mean": 0.0037355418741109037,
  "ARI_leiden_scgen_parallel6_hvg_seed0_hb": 0.32102245348005265,
  "NMI_leiden_scgen_parallel6_hvg_seed0_hb": 0.6211279474520807,
  "batch_ASW_hb": 0.5319380909204483,
  "cell_type_ASW_hb": 0.5864415615797043,
  "isolated_label_ASW_hb": 0.6074154227972031,
  "silhouette_hb": 0.5845381617546082,
  "pc_regression_r2_mean_hb": 0.996264458125889,
  "kBET_hb": 0.33023770014020104,
  "iLISI_batch_hb": 0.09181425325291151,
  "cLISI_label_hb": 0.999344828528928,
  "rare_knn_purity_mean_hb": 0.6837085678073511,
  "graph_connectivity_hb": 0.984813822989077,
  "calinski_harabasz_hb_note": "CH is unbounded; keep raw. If needed, normalize across methods using rank/percentile in the summary stage.",
  "scgen_backend": "scgen (theislab/scgen)",
  "scgen_device": "gpu",
  "scgen_input_layer": "X(lognorm)",
  "scgen_hvg_key": "highly_variable",
  "scgen_max_hvgs": 7000,
  "scgen_reference_batch": "global-per-label",
  "scgen_note": "Used deterministic latent + label-aware mean-shift correction (no model.batch_removal)."
}