{
  "ARI_leiden_scanorama_full_hvg_seed0": 0.21138823589030667,
  "NMI_leiden_scanorama_full_hvg_seed0": 0.5798789048991372,
  "n_rare_labels": 6,
  "rare_labels": [
    "Fibroblast",
    "Mesenchymal",
    "LSECs",
    "Kupffer cells",
    "Stellate Cells",
    "Erythroid"
  ],
  "rare_knn_purity_mean": 0.5572347444021969,
  "kBET": 0.16912370902989782,
  "iLISI_batch": 0.04759314981301774,
  "cLISI_label": 0.9977386484170679,
  "isolated_label_F1": NaN,
  "kBET_mode": "scib_subsample_50000",
  "lisi_mode": "scib",
  "calinski_harabasz": 19384.57005672603,
  "silhouette": 0.052989862159340394,
  "cell_type_ASW": 0.049282526314108226,
  "batch_ASW": -0.05561700458680938,
  "isolated_label_ASW": 0.1663788412103414,
  "graph_connectivity": 0.9883195294183749,
  "pc_regression_r2_mean": 0.0037355418741109037,
  "ARI_leiden_scanorama_full_hvg_seed0_hb": 0.21138823589030667,
  "NMI_leiden_scanorama_full_hvg_seed0_hb": 0.5798789048991372,
  "batch_ASW_hb": 0.5278085022934047,
  "cell_type_ASW_hb": 0.5246412631570541,
  "isolated_label_ASW_hb": 0.5831894206051706,
  "silhouette_hb": 0.5264949310796702,
  "pc_regression_r2_mean_hb": 0.996264458125889,
  "kBET_hb": 0.16912370902989782,
  "iLISI_batch_hb": 0.04759314981301774,
  "cLISI_label_hb": 0.9977386484170679,
  "rare_knn_purity_mean_hb": 0.5572347444021969,
  "graph_connectivity_hb": 0.9883195294183749,
  "calinski_harabasz_hb_note": "CH is unbounded; keep raw. If needed, normalize across methods using rank/percentile in the summary stage.",
  "scanorama_backend": "scanorama",
  "scanorama_dimred": 50,
  "scanorama_knn": 30,
  "scanorama_alpha": 0.1,
  "scanorama_sigma": 20.0,
  "scanorama_approx": true,
  "scanorama_batch_size": 5000,
  "scanorama_scale_before_pca": false,
  "scanorama_use_hvg_subset": true
}