{
  "ARI_leiden_bbknn_parallel6_hvg_seed0": 0.5029716156944206,
  "NMI_leiden_bbknn_parallel6_hvg_seed0": 0.6639836545259601,
  "n_rare_labels": 6,
  "rare_labels": [
    "Fibroblast",
    "Mesenchymal",
    "LSECs",
    "Kupffer cells",
    "Stellate Cells",
    "Erythroid"
  ],
  "rare_knn_purity_mean": 0.13552524714828898,
  "kBET": NaN,
  "iLISI_batch": 0.1546351284610692,
  "cLISI_label": 0.9933695799710633,
  "isolated_label_F1": NaN,
  "kBET_error": "RRuntimeError: ",
  "lisi_mode": "scib",
  "calinski_harabasz": 2440.4002502964477,
  "silhouette": -0.1337777078151703,
  "cell_type_ASW": -0.10578734427690506,
  "batch_ASW": -0.1228494644165039,
  "isolated_label_ASW": -0.09795916825532913,
  "graph_connectivity": 0.9799505220418305,
  "pc_regression_r2_mean": 0.07180134749628497,
  "ARI_leiden_bbknn_parallel6_hvg_seed0_hb": 0.5029716156944206,
  "NMI_leiden_bbknn_parallel6_hvg_seed0_hb": 0.6639836545259601,
  "batch_ASW_hb": 0.561424732208252,
  "cell_type_ASW_hb": 0.44710632786154747,
  "isolated_label_ASW_hb": 0.45102041587233543,
  "silhouette_hb": 0.43311114609241486,
  "pc_regression_r2_mean_hb": 0.928198652503715,
  "kBET_hb": NaN,
  "iLISI_batch_hb": 0.1546351284610692,
  "cLISI_label_hb": 0.9933695799710633,
  "rare_knn_purity_mean_hb": 0.13552524714828898,
  "graph_connectivity_hb": 0.9799505220418305,
  "calinski_harabasz_hb_note": "CH is unbounded; keep raw. If needed, normalize across methods using rank/percentile in the summary stage."
}