{
  "ARI_leiden_combat_parallel6_hvg_seed0": 0.09240506680157329,
  "NMI_leiden_combat_parallel6_hvg_seed0": 0.37422308153111467,
  "n_rare_labels": 6,
  "rare_labels": [
    "Fibroblast",
    "Mesenchymal",
    "LSECs",
    "Kupffer cells",
    "Stellate Cells",
    "Erythroid"
  ],
  "rare_knn_purity_mean": 0.3580430756231517,
  "kBET": 0.12986660559184737,
  "iLISI_batch": 0.003305945304293345,
  "cLISI_label": 0.9924817962669389,
  "isolated_label_F1": NaN,
  "kBET_mode": "scib_subsample_50000",
  "lisi_mode": "scib",
  "calinski_harabasz": 5738.680643830265,
  "silhouette": -0.12340640276670456,
  "cell_type_ASW": -0.14855194091796875,
  "batch_ASW": -0.1162608191370964,
  "isolated_label_ASW": -0.11678097397089005,
  "graph_connectivity": 0.9313985610938865,
  "pc_regression_r2_mean": 3.205452543730836e-07,
  "ARI_leiden_combat_parallel6_hvg_seed0_hb": 0.09240506680157329,
  "NMI_leiden_combat_parallel6_hvg_seed0_hb": 0.37422308153111467,
  "batch_ASW_hb": 0.5581304095685482,
  "cell_type_ASW_hb": 0.4257240295410156,
  "isolated_label_ASW_hb": 0.441609513014555,
  "silhouette_hb": 0.4382967986166477,
  "pc_regression_r2_mean_hb": 0.9999996794547457,
  "kBET_hb": 0.12986660559184737,
  "iLISI_batch_hb": 0.003305945304293345,
  "cLISI_label_hb": 0.9924817962669389,
  "rare_knn_purity_mean_hb": 0.3580430756231517,
  "graph_connectivity_hb": 0.9313985610938865,
  "calinski_harabasz_hb_note": "CH is unbounded; keep raw. If needed, normalize across methods using rank/percentile in the summary stage.",
  "combat_space": "expr",
  "combat_input_layer": "X",
  "combat_hvg_key": "highly_variable",
  "combat_max_hvgs": 4000,
  "combat_hvg_flavor": "seurat_v3"
}