{
  "meta": {
    "ti_method": "tscan",
    "task_name": "task1_Monocyte_macrophage_TAM",
    "n_integration_methods": 10,
    "n_successful_runs": 10,
    "n_failed_runs": 0,
    "integration_methods": [
      "bbknn",
      "combat",
      "fastmnn",
      "harmony",
      "liger",
      "scanorama",
      "scanvi",
      "scgen",
      "scvi",
      "seurat"
    ]
  },
  "kendalls_w": {
    "status": "ok",
    "value": {
      "W": 0.666955,
      "n_rankers": 10,
      "n_cells_common": 20355,
      "S": 46873618064482.0,
      "chi2": 135751.9805,
      "df": 20354,
      "p_value": 0.0,
      "integration_methods": [
        "bbknn",
        "combat",
        "fastmnn",
        "harmony",
        "liger",
        "scanorama",
        "scanvi",
        "scgen",
        "scvi",
        "seurat"
      ]
    },
    "reason": null
  },
  "topology_jaccard": {
    "status": "ok",
    "value": {
      "jaccard_mean": 0.21736,
      "jaccard_std": 0.099602,
      "jaccard_min": 0.043478,
      "jaccard_max": 0.411765,
      "n_pairs": 45,
      "n_topology_ok": 10,
      "pairwise_values": [
        0.333333,
        0.2,
        0.043478,
        0.166667,
        0.411765,
        0.142857,
        0.142857,
        0.263158,
        0.142857,
        0.333333,
        0.142857,
        0.235294,
        0.263158,
        0.2,
        0.2,
        0.263158,
        0.333333,
        0.2,
        0.222222,
        0.263158,
        0.2,
        0.2,
        0.333333,
        0.263158,
        0.055556,
        0.142857,
        0.142857,
        0.2,
        0.043478,
        0.333333,
        0.166667,
        0.047619,
        0.052632,
        0.157895,
        0.052632,
        0.2,
        0.142857,
        0.411765,
        0.263158,
        0.333333,
        0.411765,
        0.263158,
        0.263158,
        0.333333,
        0.263158
      ],
      "pair_labels": [
        [
          "bbknn",
          "combat"
        ],
        [
          "bbknn",
          "fastmnn"
        ],
        [
          "bbknn",
          "harmony"
        ],
        [
          "bbknn",
          "liger"
        ],
        [
          "bbknn",
          "scanorama"
        ],
        [
          "bbknn",
          "scanvi"
        ],
        [
          "bbknn",
          "scgen"
        ],
        [
          "bbknn",
          "scvi"
        ],
        [
          "bbknn",
          "seurat"
        ],
        [
          "combat",
          "fastmnn"
        ],
        [
          "combat",
          "harmony"
        ],
        [
          "combat",
          "liger"
        ],
        [
          "combat",
          "scanorama"
        ],
        [
          "combat",
          "scanvi"
        ],
        [
          "combat",
          "scgen"
        ],
        [
          "combat",
          "scvi"
        ],
        [
          "combat",
          "seurat"
        ],
        [
          "fastmnn",
          "harmony"
        ],
        [
          "fastmnn",
          "liger"
        ],
        [
          "fastmnn",
          "scanorama"
        ],
        [
          "fastmnn",
          "scanvi"
        ],
        [
          "fastmnn",
          "scgen"
        ],
        [
          "fastmnn",
          "scvi"
        ],
        [
          "fastmnn",
          "seurat"
        ],
        [
          "harmony",
          "liger"
        ],
        [
          "harmony",
          "scanorama"
        ],
        [
          "harmony",
          "scanvi"
        ],
        [
          "harmony",
          "scgen"
        ],
        [
          "harmony",
          "scvi"
        ],
        [
          "harmony",
          "seurat"
        ],
        [
          "liger",
          "scanorama"
        ],
        [
          "liger",
          "scanvi"
        ],
        [
          "liger",
          "scgen"
        ],
        [
          "liger",
          "scvi"
        ],
        [
          "liger",
          "seurat"
        ],
        [
          "scanorama",
          "scanvi"
        ],
        [
          "scanorama",
          "scgen"
        ],
        [
          "scanorama",
          "scvi"
        ],
        [
          "scanorama",
          "seurat"
        ],
        [
          "scanvi",
          "scgen"
        ],
        [
          "scanvi",
          "scvi"
        ],
        [
          "scanvi",
          "seurat"
        ],
        [
          "scgen",
          "scvi"
        ],
        [
          "scgen",
          "seurat"
        ],
        [
          "scvi",
          "seurat"
        ]
      ]
    },
    "reason": null
  },
  "branch_count_variance": {
    "status": "ok",
    "value": {
      "leaves": {
        "values": [
          6,
          5,
          5,
          5,
          5,
          6,
          6,
          6,
          7,
          4
        ],
        "mean": 5.5,
        "std": 0.8062,
        "min": 4,
        "max": 7,
        "cv": 0.1466
      },
      "branchpoints": {
        "values": [
          4,
          3,
          3,
          2,
          3,
          2,
          3,
          4,
          5,
          2
        ],
        "mean": 3.1,
        "std": 0.9434,
        "min": 2,
        "max": 5,
        "cv": 0.3043
      },
      "n_topology_ok": 10,
      "per_method": [
        {
          "integration_method": "bbknn",
          "n_leaves": 6,
          "n_branchpoints": 4
        },
        {
          "integration_method": "combat",
          "n_leaves": 5,
          "n_branchpoints": 3
        },
        {
          "integration_method": "fastmnn",
          "n_leaves": 5,
          "n_branchpoints": 3
        },
        {
          "integration_method": "harmony",
          "n_leaves": 5,
          "n_branchpoints": 2
        },
        {
          "integration_method": "liger",
          "n_leaves": 5,
          "n_branchpoints": 3
        },
        {
          "integration_method": "scanorama",
          "n_leaves": 6,
          "n_branchpoints": 2
        },
        {
          "integration_method": "scanvi",
          "n_leaves": 6,
          "n_branchpoints": 3
        },
        {
          "integration_method": "scgen",
          "n_leaves": 6,
          "n_branchpoints": 4
        },
        {
          "integration_method": "scvi",
          "n_leaves": 7,
          "n_branchpoints": 5
        },
        {
          "integration_method": "seurat",
          "n_leaves": 4,
          "n_branchpoints": 2
        }
      ]
    },
    "reason": null
  },
  "root_placement_consistency": {
    "status": "ok",
    "value": {
      "consistency_rate_total": 1.0,
      "consistency_rate_evaluable": 1.0,
      "n_correct": 10,
      "n_evaluable": 10,
      "n_total_runs": 10,
      "n_failed_runs": 0,
      "root_group_expected": "Tissue Monocyte",
      "group_key": "cell_subtype_L2",
      "per_method": [
        {
          "integration_method": "bbknn",
          "root_cell_id": "GSM4041154_healthy2_cd45-_ATTATCCTCGCAAGCC-1",
          "root_assigned_group": "Tissue Monocyte",
          "root_group_expected": "Tissue Monocyte",
          "correct": true,
          "counted_as_incorrect_in_total": false
        },
        {
          "integration_method": "combat",
          "root_cell_id": "GSM4041155_healthy3_cd45+_TGTATTCTCGGTGTCG-1",
          "root_assigned_group": "Tissue Monocyte",
          "root_group_expected": "Tissue Monocyte",
          "correct": true,
          "counted_as_incorrect_in_total": false
        },
        {
          "integration_method": "fastmnn",
          "root_cell_id": "GSM4041150_healthy1_cd45+_CAGCCGACACAGGAGT-1",
          "root_assigned_group": "Tissue Monocyte",
          "root_group_expected": "Tissue Monocyte",
          "correct": true,
          "counted_as_incorrect_in_total": false
        },
        {
          "integration_method": "harmony",
          "root_cell_id": "GSM4041167_cirrhotic3_cd45-_TGACTTTCACCAGTTA-1",