{
  "ARI_leiden_scanvi_full_hvg_seed0": 0.31819861684122414,
  "NMI_leiden_scanvi_full_hvg_seed0": 0.6304058617230757,
  "n_rare_labels": 6,
  "rare_labels": [
    "Fibroblast",
    "Mesenchymal",
    "LSECs",
    "Kupffer cells",
    "Stellate Cells",
    "Erythroid"
  ],
  "rare_knn_purity_mean": 0.5708403041825095,
  "kBET": 0.31473958011927605,
  "iLISI_batch": 0.14571218851806078,
  "cLISI_label": 0.9992350423041647,
  "isolated_label_F1": NaN,
  "kBET_mode": "scib_subsample_50000",
  "lisi_mode": "scib",
  "calinski_harabasz": 41249.855043373995,
  "silhouette": 0.08966492861509323,
  "cell_type_ASW": 0.04476200416684151,
  "batch_ASW": -0.14365309476852417,
  "isolated_label_ASW": 0.13008438050746918,
  "graph_connectivity": 0.9087093630158708,
  "pc_regression_r2_mean": 0.0037355418741109037,
  "ARI_leiden_scanvi_full_hvg_seed0_hb": 0.31819861684122414,
  "NMI_leiden_scanvi_full_hvg_seed0_hb": 0.6304058617230757,
  "batch_ASW_hb": 0.5718265473842621,
  "cell_type_ASW_hb": 0.5223810020834208,
  "isolated_label_ASW_hb": 0.5650421902537346,
  "silhouette_hb": 0.5448324643075466,
  "pc_regression_r2_mean_hb": 0.996264458125889,
  "kBET_hb": 0.31473958011927605,
  "iLISI_batch_hb": 0.14571218851806078,
  "cLISI_label_hb": 0.9992350423041647,
  "rare_knn_purity_mean_hb": 0.5708403041825095,
  "graph_connectivity_hb": 0.9087093630158708,
  "calinski_harabasz_hb_note": "CH is unbounded; keep raw. If needed, normalize across methods using rank/percentile in the summary stage."
}