{
  "NMI": 0.5811310979830082,
  "ARI": 0.2119423857311996,
  "cell_type_ASW": 0.5273134830596499,
  "isolated_label_F1": 0.41262385265300067,
  "isolated_label_ASW": 0.5638078478321292,
  "cell_cycle_conservation": 0.8622192566688697,
  "hvg_conservation": 0.19777777777777777,
  "trajectory_conservation": NaN,
  "trajectory_conservation_note": "compute_trajectory=False",
  "batch_ASW": 0.8288823226187538,
  "pcr_comparison": 0.09906853770627455,
  "kBET": 0.20859949258199606,
  "graph_connectivity": 0.9801226969436586,
  "iLISI": 0.09637394308415859,
  "cLISI": 0.9957713255961673,
  "scanorama_backend": "scanorama",
  "scanorama_dimred": 50,
  "scanorama_knn": 30,
  "scanorama_alpha": 0.1,
  "scanorama_sigma": 20.0,
  "scanorama_approx": true,
  "scanorama_batch_size": 5000,
  "scanorama_scale_before_pca": false,
  "scanorama_use_hvg_subset": true
}